Employee ID,Name,Department,Designation,Gross Salary,Tax Deduction,PF Deduction,Net Salary
1001,Aarav,IT,Developer,52500.0,5000.0,2500.0,45000.0
1002,Diya,HR,HR Executive,36000.0,3500.0,1750.0,30750.0
1003,Rohan,Finance,Accountant,40000.0,4000.0,2000.0,34000.0
1004,Sneha,IT,Developer,59000.0,5500.0,2750.0,50750.0
1005,Karan,Sales,Sales Exec,32000.0,3000.0,1500.0,27500.0
1006,Meera,Marketing,Marketing Exec,33500.0,3200.0,1600.0,28700.0
1007,Vikram,IT,Senior Developer,85000.0,8000.0,4000.0,73000.0
1008,Ananya,HR,HR Manager,60500.0,6000.0,3000.0,51500.0
1009,Rahul,Finance,Finance Manager,71000.0,7000.0,3500.0,60500.0
1010,Pooja,Sales,Sales Manager,68000.0,6500.0,3250.0,58250.0
1011,Siddharth,IT,Tech Lead,96000.0,9000.0,4500.0,82500.0
1012,Neha,Marketing,Marketing Manager,77000.0,7500.0,3750.0,65750.0
1013,Arjun,Finance,Senior Accountant,87500.0,8500.0,4250.0,74750.0
1014,Kavya,HR,HR Executive,36500.0,3600.0,1800.0,31100.0
1015,Amit,Sales,Sales Exec,33500.0,3200.0,1600.0,28700.0
1016,Isha,IT,Developer,55500.0,5200.0,2600.0,47700.0
1017,Manish,Marketing,Marketing Exec,35000.0,3400.0,1700.0,29900.0
1018,Ritu,HR,HR Executive,40000.0,3800.0,1900.0,34300.0
1019,Nikhil,Finance,Accountant,42000.0,4200.0,2100.0,35700.0
1020,Priya,IT,Senior Developer,82500.0,7800.0,3900.0,70800.0
